analysis_set,description,N_subject_rows,model_idx,model,k,sumNLL,sumAIC,sumBIC,dAIC,dBIC,group_wAIC,group_wBIC,n_bestAIC,n_bestBIC,summed_subject_BIC_weight,exp_r,xp,pxp,BOR,median_runnerup_delta_BIC,pct_runnerup_delta_BIC_gt2,pct_runnerup_delta_BIC_gt6,pct_runnerup_delta_BIC_gt10,mean_max_subject_BIC_weight
all_datasets,All image-task datasets pooled,444,1,Cost to sample,2,8870.04581290006,19516.0916258001,21045.0386228496,624.995138089856,624.995138089867,1.92322526505823e-136,1.92322526504773e-136,122,122,146.211821647593,0.187116935869345,0,5.62794631820039e-44,1.68838389546012e-43,1.99425516901387,50,13.7387387387387,4.95495495495495,0.704436533579114
all_datasets,All image-task datasets pooled,444,2,Cut off,2,10780.4344498604,23336.8688997207,24865.8158967702,4445.77241201046,4445.77241201048,0,0,59,59,61.1014860409142,0.0435913551781842,0,5.62794631820039e-44,1.68838389546012e-43,1.99425516901387,50,13.7387387387387,4.95495495495495,0.704436533579114
all_datasets,All image-task datasets pooled,444,3,Biased prior,2,8557.54824385513,18891.0964877103,20420.0434847598,0,0,1,1,263,263,236.686692311492,0.769291708952471,1,1,1.68838389546012e-43,1.99425516901387,50,13.7387387387387,4.95495495495495,0.704436533579114
