analysis_set,description,N_subject_rows,model_idx,model,k,sumNLL,sumAIC,sumBIC,dAIC,dBIC,group_wAIC,group_wBIC,n_bestAIC,n_bestBIC,summed_subject_BIC_weight,exp_r,xp,pxp,BOR,median_runnerup_delta_BIC,pct_runnerup_delta_BIC_gt2,pct_runnerup_delta_BIC_gt6,pct_runnerup_delta_BIC_gt10,mean_max_subject_BIC_weight
face_1,Facial attractiveness dataset 1,20,1,Cost to sample,2,782.776494874732,1645.55298974946,1769.30025020696,144.825885372405,144.825885372405,3.56007029197977e-32,3.56007029197856e-32,0,0,1.71192385507945,0.0478118964254318,1e-06,1.51031411624166e-06,1.5309469415658e-06,5.88754434929324,90,45,25,0.901398082509799
face_1,Facial attractiveness dataset 1,20,2,Cut off,2,1024.31899907326,2128.63799814652,2252.38525860401,627.910893769457,627.910893769457,4.47591524776947e-137,4.47591524776947e-137,1,1,0.585718595924054,0.0467501304404044,0,5.103156471886e-07,1.5309469415658e-06,5.88754434929324,90,45,25,0.901398082509799
face_1,Facial attractiveness dataset 1,20,3,Biased prior,2,710.36355218853,1500.72710437706,1624.47436483455,0,0,1,1,19,19,17.7023575489965,0.905437973134164,0.999999,0.999997979370237,1.5309469415658e-06,5.88754434929324,90,45,25,0.901398082509799
