analysis_set,description,N_subject_rows,model_idx,model,k,sumNLL,sumAIC,sumBIC,dAIC,dBIC,group_wAIC,group_wBIC,n_bestAIC,n_bestBIC,summed_subject_BIC_weight,exp_r,xp,pxp,BOR,median_runnerup_delta_BIC,pct_runnerup_delta_BIC_gt2,pct_runnerup_delta_BIC_gt6,pct_runnerup_delta_BIC_gt10,mean_max_subject_BIC_weight
face_2,Facial attractiveness dataset 2,75,1,Cost to sample,2,617.502790251737,1535.00558050347,1750.12280521148,131.160047549437,131.160047549437,3.30337251914288e-29,3.30337251914251e-29,14,14,20.9314864476187,0.0387630427509743,0,1.08459144630609e-11,3.25377433891826e-11,2.19484633151841,53.3333333333333,1.33333333333333,0,0.680666682379546
face_2,Facial attractiveness dataset 2,75,2,Cut off,2,744.773693302395,1789.54738660479,2004.6646113128,385.701853650752,385.701853650752,1.7615973560826e-84,1.7615973560824e-84,9,9,10.6366190915918,0.023829986971637,0,1.08459144630609e-11,3.25377433891826e-11,2.19484633151841,53.3333333333333,1.33333333333333,0,0.680666682379546
face_2,Facial attractiveness dataset 2,75,3,Biased prior,2,551.922766477019,1403.84553295404,1618.96275766205,0,0,1,1,52,52,43.4318944607895,0.937406970277389,1,0.999999999978308,3.25377433891826e-11,2.19484633151841,53.3333333333333,1.33333333333333,0,0.680666682379546
