analysis_set,description,N_subject_rows,model_idx,model,k,sumNLL,sumAIC,sumBIC,dAIC,dBIC,group_wAIC,group_wBIC,n_bestAIC,n_bestBIC,summed_subject_BIC_weight,exp_r,xp,pxp,BOR,median_runnerup_delta_BIC,pct_runnerup_delta_BIC_gt2,pct_runnerup_delta_BIC_gt6,pct_runnerup_delta_BIC_gt10,mean_max_subject_BIC_weight
face_3,Facial attractiveness dataset 3,32,1,Cost to sample,2,212.741345526748,553.482691053495,633.733537627814,35.2026642326664,35.2026642326666,2.26902132672903e-08,2.26902132672878e-08,8,8,9.53278134100996,0.113662040663146,2e-06,0.00879846639771991,0.0263895575305049,1.1894715421246,40.625,3.125,0,0.615708765754141
face_3,Facial attractiveness dataset 3,32,2,Cut off,2,279.753062892635,687.50612578527,767.756972359589,169.226098964442,169.226098964442,1.79068626718858e-37,1.79068626718827e-37,5,5,6.13677032653297,0.0965354189623887,2e-06,0.00879846639771991,0.0263895575305049,1.1894715421246,40.625,3.125,0,0.615708765754141
face_3,Facial attractiveness dataset 3,32,3,Biased prior,2,195.140013410414,518.280026820829,598.530873395147,0,0,0.999999977309787,0.999999977309787,19,19,16.3304483324571,0.789802540374465,0.999996,0.98240306720456,0.0263895575305049,1.1894715421246,40.625,3.125,0,0.615708765754141
