analysis_set,description,N_subject_rows,model_idx,model,k,sumNLL,sumAIC,sumBIC,dAIC,dBIC,group_wAIC,group_wBIC,n_bestAIC,n_bestBIC,summed_subject_BIC_weight,exp_r,xp,pxp,BOR,median_runnerup_delta_BIC,pct_runnerup_delta_BIC_gt2,pct_runnerup_delta_BIC_gt6,pct_runnerup_delta_BIC_gt10,mean_max_subject_BIC_weight
foods_1,Foods dataset 1,76,1,Cost to sample,2,598.656305413627,1501.31261082725,1692.26249605888,36.6910207351816,36.6910207351821,1.0780678008875e-08,1.07806780088725e-08,28,28,31.0187270716789,0.284378085018745,7.7e-05,7.70025502460415e-05,7.65250585325731e-09,1.57072359407804,38.1578947368421,6.57894736842105,0,0.669200518237453
foods_1,Foods dataset 1,76,2,Cut off,2,819.16396328837,1942.32792657674,2133.27781180837,477.706336484669,477.706336484669,1.85091741887438e-104,1.85091741887416e-104,5,5,6.28208452946054,0.0164226492892019,0,2.5508352844191e-09,7.65250585325731e-09,1.57072359407804,38.1578947368421,6.57894736842105,0,0.669200518237453
foods_1,Foods dataset 1,76,3,Biased prior,2,580.310795046036,1464.62159009207,1655.5714753237,0,0,0.999999989219322,0.999999989219322,43,43,38.6991883988605,0.699199265692053,0.999923,0.999922994898919,7.65250585325731e-09,1.57072359407804,38.1578947368421,6.57894736842105,0,0.669200518237453
