analysis_set,description,N_subject_rows,model_idx,model,k,sumNLL,sumAIC,sumBIC,dAIC,dBIC,group_wAIC,group_wBIC,n_bestAIC,n_bestBIC,summed_subject_BIC_weight,exp_r,xp,pxp,BOR,median_runnerup_delta_BIC,pct_runnerup_delta_BIC_gt2,pct_runnerup_delta_BIC_gt6,pct_runnerup_delta_BIC_gt10,mean_max_subject_BIC_weight
foods_2,Foods dataset 2,28,1,Cost to sample,2,176.452580849948,464.905161699897,512.991359433417,9.25389903283917,9.25389903283906,0.00968975130193475,0.00968975130193529,11,11,11.5476421568659,0.159425801080881,4.6e-05,0.00268127212717751,0.00790690753477232,0.312200955205611,7.14285714285714,0,0,0.524714097238413
foods_2,Foods dataset 2,28,2,Cut off,2,237.266714369618,586.533428739235,634.619626472755,130.882166072178,130.882166072178,3.75898005379175e-29,3.75898005379196e-29,3,3,2.94317878002358,0.0386225770196598,0,0.00263563584492411,0.00790690753477232,0.312200955205611,7.14285714285714,0,0,0.524714097238413
foods_2,Foods dataset 2,28,3,Biased prior,2,171.825631333529,455.651262667057,503.737460400578,0,0,0.990310248698065,0.990310248698065,14,14,13.5091790631106,0.801951621899459,0.999954,0.994683092027898,0.00790690753477232,0.312200955205611,7.14285714285714,0,0,0.524714097238413
