analysis_set,description,N_subject_rows,model_idx,model,k,sumNLL,sumAIC,sumBIC,dAIC,dBIC,group_wAIC,group_wBIC,n_bestAIC,n_bestBIC,summed_subject_BIC_weight,exp_r,xp,pxp,BOR,median_runnerup_delta_BIC,pct_runnerup_delta_BIC_gt2,pct_runnerup_delta_BIC_gt6,pct_runnerup_delta_BIC_gt10,mean_max_subject_BIC_weight
match_trust_all,Matchmaker and trustworthiness datasets pooled,102,1,Cost to sample,2,5627.7925562705,11663.585112541,12275.6828192056,217.832815084475,217.832815084477,4.99120279338592e-48,4.99120279338138e-48,32,32,35.8279745249503,0.296609220161617,0.000146,0.000146002529574512,7.59204885451706e-09,4.60687823571895,76.4705882352941,38.2352941176471,15.6862745098039,0.841459615531705
match_trust_all,Matchmaker and trustworthiness datasets pooled,102,2,Cut off,2,6616.20762708276,13640.4152541655,14252.5129608302,2194.66295670901,2194.66295670901,0,0,9,9,9.54120260564218,0.070852755647469,0,2.53068295150569e-09,7.59204885451706e-09,4.60687823571895,76.4705882352941,38.2352941176471,15.6862745098039,0.841459615531705
match_trust_all,Matchmaker and trustworthiness datasets pooled,102,3,Biased prior,2,5518.87614872826,11445.7522974565,12057.8500041212,0,0,1,1,61,61,56.6308228694075,0.632538024190914,0.999854,0.999853994939743,7.59204885451706e-09,4.60687823571895,76.4705882352941,38.2352941176471,15.6862745098039,0.841459615531705
