analysis_set,description,N_subject_rows,model_idx,model,k,sumNLL,sumAIC,sumBIC,dAIC,dBIC,group_wAIC,group_wBIC,n_bestAIC,n_bestBIC,summed_subject_BIC_weight,exp_r,xp,pxp,BOR,median_runnerup_delta_BIC,pct_runnerup_delta_BIC_gt2,pct_runnerup_delta_BIC_gt6,pct_runnerup_delta_BIC_gt10,mean_max_subject_BIC_weight
matchmaker,Matchmaker dataset,20,1,Cost to sample,2,934.348550723481,1948.69710144696,2068.22938837997,68.8422391616878,68.8422391616871,1.12485800967304e-15,1.12485800967342e-15,7,7,6.89793455145329,0.299646252877145,0.05312,0.0688969604116499,0.0563033893639963,5.5066843715062,90,40,20,0.887628145840377
matchmaker,Matchmaker dataset,20,2,Cut off,2,1116.25018534234,2312.50037068468,2432.03265761768,432.645508399404,432.645508399403,1.12777260533454e-94,1.12777260533544e-94,1,1,1.17764173810051,0.0886727404173258,0.000342,0.0190905406955029,0.0563033893639963,5.5066843715062,90,40,20,0.887628145840377
matchmaker,Matchmaker dataset,20,3,Biased prior,2,899.927431142637,1879.85486228527,1999.38714921828,0,0,0.999999999999999,0.999999999999999,12,12,11.9244237104462,0.611681006705529,0.946538,0.912012498892847,0.0563033893639963,5.5066843715062,90,40,20,0.887628145840377
