analysis_set,description,N_subject_rows,model_idx,model,k,sumNLL,sumAIC,sumBIC,dAIC,dBIC,group_wAIC,group_wBIC,n_bestAIC,n_bestBIC,summed_subject_BIC_weight,exp_r,xp,pxp,BOR,median_runnerup_delta_BIC,pct_runnerup_delta_BIC_gt2,pct_runnerup_delta_BIC_gt6,pct_runnerup_delta_BIC_gt10,mean_max_subject_BIC_weight
trust_2,Trustworthiness dataset 2,64,1,Cost to sample,2,3903.29542422516,8062.59084845032,8445.48230386925,64.6531932407606,64.6531932407615,9.13560827148864e-15,9.13560827148448e-15,20,20,24.4597671860841,0.351222621998194,0.032468,0.0326236527163592,0.000517350120184086,4.28920277996519,70.3125,37.5,15.625,0.817323530082435
trust_2,Trustworthiness dataset 2,64,2,Cut off,2,4544.2637505171,9344.5275010342,9727.41895645313,1346.58984582464,1346.58984582464,3.90598243272418e-293,3.90598243272418e-293,7,7,7.24716841146366,0.0842357336490487,0,0.000172450040061362,0.000517350120184086,4.28920277996519,70.3125,37.5,15.625,0.817323530082435
trust_2,Trustworthiness dataset 2,64,3,Biased prior,2,3870.96882760478,7997.93765520956,8380.82911062849,0,0,0.999999999999991,0.999999999999991,37,37,32.2930644024522,0.564541644352757,0.967532,0.967203897243579,0.000517350120184086,4.28920277996519,70.3125,37.5,15.625,0.817323530082435
