analysis_set,description,N_subject_rows,model_idx,model,k,sumNLL,sumAIC,sumBIC,dAIC,dBIC,group_wAIC,group_wBIC,n_bestAIC,n_bestBIC,summed_subject_BIC_weight,exp_r,xp,pxp,BOR,median_runnerup_delta_BIC,pct_runnerup_delta_BIC_gt2,pct_runnerup_delta_BIC_gt6,pct_runnerup_delta_BIC_gt10,mean_max_subject_BIC_weight
trust_1,Trustworthiness dataset 1,18,1,Cost to sample,2,790.148581321857,1652.29716264371,1761.97112695643,84.3373826820268,84.3373826820271,4.85702167445869e-19,4.85702167445813e-19,5,5,4.4702727874129,0.16354663972958,0.001445,0.00556506691931686,0.012414015515209,5.47475394209147,83.3333333333333,38.8888888888889,11.1111111111111,0.875978441230585
trust_1,Trustworthiness dataset 1,18,2,Cut off,2,955.693691223324,1983.38738244665,2093.06134675936,415.427602484961,415.427602484962,6.18076604925283e-91,6.18076604925213e-91,1,1,1.11639245607801,0.0919331035346221,0.000152,0.00428811824137803,0.012414015515209,5.47475394209147,83.3333333333333,38.8888888888889,11.1111111111111,0.875978441230585
trust_1,Trustworthiness dataset 1,18,3,Biased prior,2,747.979889980844,1567.95977996169,1677.6337442744,0,0,1,1,12,12,12.4133347565091,0.744520256735798,0.998403,0.990146814839305,0.012414015515209,5.47475394209147,83.3333333333333,38.8888888888889,11.1111111111111,0.875978441230585
