analysis_set,description,N_subject_rows,model_idx,model,k,sumNLL,sumAIC,sumBIC,dAIC,dBIC,group_wAIC,group_wBIC,n_bestAIC,n_bestBIC,summed_subject_BIC_weight,exp_r,xp,pxp,BOR,median_runnerup_delta_BIC,pct_runnerup_delta_BIC_gt2,pct_runnerup_delta_BIC_gt6,pct_runnerup_delta_BIC_gt10,mean_max_subject_BIC_weight
vacations_2,Vacations dataset 2,36,1,Cost to sample,2,248.050694842032,640.101389684064,722.991006225012,0,0,0.999999987204273,0.999999987204273,14,14,13.5959734316788,0.519448296525052,0.963015,0.404017582970746,0.887746057445832,0.9213987462324,25,2.77777777777778,0,0.599554833827836
vacations_2,Vacations dataset 2,36,2,Cut off,2,285.700642508958,715.401285017917,798.290901558865,75.2998953338526,75.2998953338528,4.45487455009769e-17,4.45487455009744e-17,10,10,10.4344531680972,0.23878158270616,0.017674,0.297899328662646,0.887746057445832,0.9213987462324,25,2.77777777777778,0,0.599554833827836
vacations_2,Vacations dataset 2,36,3,Biased prior,2,266.224849339553,676.449698679106,759.339315220054,36.3483089950414,36.3483089950416,1.279572750623e-08,1.27957275062285e-08,12,12,11.969573400224,0.241770120768788,0.019311,0.298083088366608,0.887746057445832,0.9213987462324,25,2.77777777777778,0,0.599554833827836
